{
    "_ColorR": 1.0,
    "_ColorG": 1.0,
    "_ColorB": 1.0,
    "_RampLevels": 5.0,
    "_LightScalar": 1.0199999809265137,
    "_HighColorR": 0.7641509771347046,
    "_HighColorG": 0.7641509771347046,
    "_HighColorB": 0.7641509771347046,
    "_HighIntensity": 2.819999933242798,
    "_LowColorR": 0.25533998012542727,
    "_LowColorG": 0.29105472564697268,
    "_LowColorB": 0.35849058628082278,
    "_LowIntensity": 4.269999980926514,
    "_OutlineColorR": 0.3147917687892914,
    "_OutlineColorG": 0.5094339847564697,
    "_OutlineColorB": 0.4506460428237915,
    "_OutlineSize": 38.31999969482422,
    "_RimColorR": 1.0,
    "_RimColorG": 1.0,
    "_RimColorB": 1.0,
    "_RimAlpha": 0.3400000035762787,
    "_RimPower": 0.49000000953674319,
    "_RimDropOff": 0.0,
    "_FresnelColorR": 0.8887326717376709,
    "_FresnelColorG": 1.0,
    "_FresnelColorB": 0.845588207244873,
    "_FresnelBrightness": 0.164000004529953,
    "_FresnelPower": 0.8709999918937683,
    "_FresnelShadowDropoff": 0.0,
    "_GradYCap": 0.0,
    "_GradIntensity": 0.0
}